{
    "cadastrando": {
        "brinco": "111111",
        "brincoEletronico": "111111111111111",
        "registro": "1111",
        "nome": "Junivar",
        "lote": "Touros",
        "dataNascimento": "2021-05-21",
        "raca": "Caracu",
        "grauSanguineo": "1/8",
        "sexo": "Macho",
        "tipo": "",
        "origem": "Compra",
        "dataUltimoParto": "",
        "preco": "500000",
        "dataDesmame": "2022-01-05",
        "clienteFornecedor": "Agrivete",
        "animalMae": "",
        "animalPai": "",
        "pesoAoNascer": "156",
        "observacao": "Testando"
    }
}