{
    "cadastrando": {
        "nomeLote": "Vaquejada",
        "faseLote": "Vacas secas",
        "sexo":"Fêmeas",
        "metaMedia": "",
        "delimitacao": "",
        "descricao": "Apenas Testando ",
        "campoVariavel": {
            "idadeMinMeses": "",
            "idadeMaxMeses": "",
            "idadeMinDias": "",
            "idadeMaxDias": "",
            "producaoMin": "",
            "producaoMax": "",
            "trocaLote": "",
            "pesoMin": "500",
            "pesoMax": "60000",
            "delMin": "",
            "delMax": "",
            "minProducoes": "",
            "maxProducoes": "",
            "gmdMin": "",
            "gmdMax": ""
        },
    "corGrafico": "#FF3D00"
    }
}