{
    "cadastrando": {
        "razaoSocial": "Lalala",
        "nomePropriedade": "Fazendinha",
        "nomeProprietario": "Jão",
        "hectares": "90",
        "telefone": "11987631240",
        "cpfCnpj": "23409853212",
        "endereco": {
            "estado": "São Paulo",
            "cidade": "Itaquaquecetuba",
            "rua": "Avenida",
            "numero": "1440",
            "bairro": "Longe",
            "cep": "85323421",
            "complemento": "casa 5"
        }
    }
}